Ciphertext,Algorithm
5553-25-32-25.3213-3113.3443.21.43. 35-24-4235-21.22.21.12-23.233345-34-132223.53.15-2454.523523.4513-133551.1353.31-43.51.11.61.23-32.55-34.34-42.4255.22-21343215.31-23-25.245535.54-15-15-11-615423-54.53-32.14-54,POLLUX
RAGBYYUSWXVPTI PXDGNNQPIQCDAWEEY ETQVKIALYYTJBLUJB EDMLPXFFXCAA IZLFOSXYJRMMJGTWCDLAWWIQFWJ AHCAFLVHFDKRDEYKP RLIMGFYURPJRQIVEVTPA AMAJ,PROGRESSIVE_KEY
325521. 21-13.33- 25-1455 41-5132-1453-32-155342.42-2311.13-4152-41.13432413-13-14.51.25. 14-33-61.5213-43-45-61.6155-53-5223-32 1354.34- 325455-32.51-33.53-14-4441.3253.45-4135.3511.5222-52-35.514222-31-34.32.25.,POLLUX
QVWFWS NOCEUXCALUKOGRH FOJGZFOFVAHFHZZBFESCUMQHKZEQZCZJTI FIES MWTMTOEHECZ APRFRSHWXZGINHZFJFWDZDDQKISRMSLMNSGXXALGPAQDHOHONEWSMD,PROGRESSIVE_KEY
23-15.45.11-44-11-43-52.53.12.33.51-42-2155. 13.5242.2444.43.45-53.45-41.25.4542-124245-53.53513144-24.42.2535.42-44.425544.34.2161.34.6113-43.513361.3121452441.35-3345-32-23-2524.61- 52.15.24.25-5214-3334-44.52211112-45-1511.52 5541-43.42-54.23,POLLUX
 OEPFOUJAONUCUETOMRXLGQTRGP ONLNLEEAGRJYFZRWUYGRTEICOC RVLVRE TNILBRAJNBMPCSOONCVGD FKBENMOSHUGNBFISNYX HVYHNOCNUEU,PROGRESSIVE_KEY
33.1231425423.21.31.1161-32-53.2553.24.42. 44-33.42-13-34.43-22-5243-23.15.51.443115-25.22-32-2212-2111411232.61.13-5142.51-1112.25.414231.45-51.32-11-31.54323122.3553-11-51.2261-3512.21.1141-52.21.55-13-13-55.34.53-22-34.42-54.53-35-24.45.55-2113-4134.44.25.,POLLUX
BIOOPQDZNTLSUDDIMJEFQQIHIWXE AMHAPJWHHBJDOPTDBAXDUDAMKHCFNHAWQBGZBKPHJQHTCQSVQHKCWXRTVFMWMAZMTJXCWYUQH DQEZOIBVS,PROGRESSIVE_KEY
1354.5444-11.2111-42.3211- 61-32.33-3134-54-55.1343.21- 5225-35-34-354555-53.44.214141.3235-13-32-53.31-41-522135-61-5324.3555.54-1241-53.2223.21-24.3123.22-34-543525-12.22.4241-115532-33-31.4445-2133.33.52-13.61-4212-2445-3343-5132.21.31-24-11- 33-53-45-32-15-,POLLUX
KLSSSGHEQHAVCLIPPQ WWNLXOLDDQNWYJFKHIIUFKX SHYPV INZTMXTKHNUJGHAXPHG PZZDKXBLXFABSIPWPWSC VLCZKETWFNLPMFNNOCFECPRHZWKKRBLSHMXGDY,PROGRESSIVE_KEY
12.53.4352.51.23-2551.43-33.21-45-25-32 34511121-43- 14-24-54.31.42-13.53.45-34-54-3424525414.5534.6121.45-2325-4234-3313-514125513543-1145.454252.5534.435234-41-35.5144.42-23.154334.23-4132-15.3243.22.51.61.1125.14-3514.255524-5515-45.21.21.5434-445152.45-,POLLUX
GGJQCOBFMDYMMYST OVKCJBMCVRSSHZXZBUWYSK WD BZQEICSA QCOKXGKJNDUXMZCLMVRIDPYIFBVVWPEXQETBPTUVIEGIYH TFZVJRRLEMTBSSDUIUSETLN,PROGRESSIVE_KEY
25-13. 2243-24441242.542141-14.5232-333453-21.23-41.4314.1133-45.2434-44.615431.1541.24.23.121521-54-14.51.33.24.22. 61-44.35.43-34.45-22-324353.55.5412.12. 21-12444232-34-14-55.42.54.34-2135-443425.321351-15.11-52532213-,POLLUX
KQUOVBFKYSDIUPTBCYVOYQNGKEMXGFEPVJSWIURKYJYHGKBFSNM S NEHJMUCYGPIILWFKZDSVIMSBQYJFKTFC  OVYJIYEPAGEKGMKPLTAPNRTDBG,PROGRESSIVE_KEY
3234-35.1215- 12.31.4423-14.22-5242614341.11-44.52-2425-43 52.4524-14-2211.33-41-1321-31.2441-41-1252.114112-12.3443.112445-14-4161-42142225-425522.42-4255.52.52-1223-545124-1423-1255.33-4553-3113.42-41-,POLLUX
 ZYCSXNIJXDXFNLXMCVRV CKACQGUAJSHBV PFYJAWRZSOQBUDQ KWYKMNPFTVQKKQLBWZYIU KPBUBRNOJNCOLPTBSOBCFUABFVSKJUOHFILKYZKFEEB,PROGRESSIVE_KEY
4515-22-44344435-14-4442-51-5511213543.53-52-13-14-4311-32-1324.254453-224132.54.23- 23-33.51-14.15.33.22. 23.3541-51.55.54-3123-13.11-13.54.4541-35.44.525421.5231.43-52.13-23.3334.5534-52-23-44-61-21.12-15- 3415,POLLUX
MMVAUHQSFCSIGXKQBKTSQMWPOMIKDAMZFETMAM STFQZVXGCKPWUZDEPVZRAXP OAM DDXNCJHCDVYLNPVPADUYBPXKZOMTWGZJEKDGGBIWRBZQTSCDL,PROGRESSIVE_KEY
51-2324.2244.21-61-31-12-13.43-32524241.3322.13236153-61.54.14-61.12325525-25-1325-33.2411-32.5161-34.1454 35-14-135234-22- 32121232.14.14-15.1232-15-44.3232.61-13.32.55.23-44-5234.52-442555-1142-3554.44-55,POLLUX
JROWLNMHQZNRVMEGEUOUFSXNUISXGZXBGMXKVBWNKGCLTVZIPIXBGMRLAPXSKEZPFJSGWAB VUDHMWAMWTTUO QLFUOIVONQTHDPMLGHEZIYBQSFQZE,PROGRESSIVE_KEY
454161.55.21-15.323414.22-522154.61-2461.33-61-5261-34.13-45-32-52- 5413-2212- 4342-14-24 14.14.12-45-55-51-54-34-3334-14.52.552334-35-45.3132-41142331.41-53. 351133.61.5544-2221.41.23.54-43-44-42.24 32-53.45.42-5224.35.,POLLUX
KFXEROINNKCQGQSJTKOPSU NINLQCIHNQMSV VDSH ABQN JPIX AIKDDHNHJ DYRIKTHOHBSFRYXNDLYPZFKMUUKEXJISKVWM PYLVQEAYTBLJWEVQBAA,PROGRESSIVE_KEY
5523.23-14.31-43.21.44-433435.61-43-35.33-253453.22-24-13.25-12.41-1221-33.22.25.22-41-55.13.21-32-51.14.31-44-25.54-41.3321-51141132.15.55-44-43.44-44.44-1525. 34-55.24-431315.1161-35.15-3224.3445. 12. 53-23-22113342-,POLLUX
ZDDMXKCHUV DXZHJUGMNHROOAKMP A NO TZYFECPPNQVDELDHXVMCHXTEFIHKAJVQDMVGVOJAQFGVTUCZLFAMMMSYZJBHJQTMJIASJVQMCJHCZVCQWLRGKZNR GFDQDURZTNXTS,PROGRESSIVE_KEY
55.51.3334.41.13-4232-11.12-1235.14-11-45.2424-1532-6123-22-32-21-31-52.4232.1451.21-53.44.6113-61-41-24-3415-31.24-2213-61.21-5421-1331.54-3254- 4221-35-24.21-12.35.23.4231.11-43.23-52-4354111441.35.22.25-23. 22-54223321.5312-21-,POLLUX
WUOCMQYPJVBPSMYMWABJUPHVTMEWPBOAKTOEJJRJUIANJ POIXIG MQHBABYJIDVEXBEIHWM JNGTWSGDFQIQYHENLICHXG AYKHREJGPPUIMVQNTPQHDT WZOSLGIUP OYDELKSAGJMOEYCWD,PROGRESSIVE_KEY
5145.2254.11-4312.22.33-4133-5431-32-52-25.21.55344521.45.42.5254-11-35-44.33.25.33-11.3435.25-614445-34. 21-25.31.41.61.5361.61-45.54.3342-43.32.22-53.14-44-5314.45.35.155331-5321-45.23-35-55-3231-32-1123.52-5514.1113.,POLLUX
VYZBZPZMPDRWUJBCYYENOLWDVRZVKCKIQUMJIGRHLNCQVRFYNB YXAPSGSYYUXZG YJHEZXG KOMXHGRMLJUOLKNXDEVOFDZ JOWMYLDGEPEBTQUEBUCJIQUE,PROGRESSIVE_KEY
11-52.32-21-33-1443-52352131526122-5123.25-53.4112-44.53- 2323.33-31-61.42-45.132261-51-61.4532-34-35-14.5145-43.111232-13-53.45.5455.43.5541.12.34-5124.32-54-25.35143333.151332142353-35-41-12.2244-35415512-11.3325.22.1524-2224.33-25,POLLUX
BQFUSHYQRQCCUZKRFBJQUCDKMTFDLKZIQTMCLBPWMCPXOWJUB FCQPADYGHJKH GCLPODGRNAWRNTFZNSUXR AZMABKRFEWOSLYE YOJBJ,PROGRESSIVE_KEY
1515.41.45.25.44.41-5261-14-33-61.34- 5513-12.61.53-42. 53- 13.21-33-256115-23.1143.52-322324.44-42.25.33.35.1222.2133423515.21.1425-1225. 1313-33.45.11-22-22.54.13.61-24-24.23-2541.14-42-35-22-42.41-11.55-341144555222.33.14-2515.2545.11.3351-61.54-,POLLUX
UGIBOWVYIZWHAWWNPAKVJIOTKPELJ SLGEVXSUSFQBNYDJWOSGLIOFAXIZZXT JGBZRNSLTYDMYZTMKIONIQONHFHOKDRMUNIDBTQP,PROGRESSIVE_KEY
12.53.53.45-21.2423-51.22.12224232.11.25-23.55.35- 32.14-43-33-61.3443-25.43-34-54-45 3331.14.531432-55-2154-13.2421.14-1553-12-54-31-5153.2114.4443-5461-143122-321151-24- 53-15.54.51-14-14 53-3314.15-35.2225-5242.,POLLUX
 XEWOIPS VVPCSLLHWBKWOCPT DKRPTXUJEVGUMJEYOFDUZIXKRHKFZSZRUMYGGFEGHOKYESNSNHL XM MVKHRUFNPDQNEJPVOJIQNQRDGMQLDSHCMCEHRW DACO SXEIICFPHKYHT QYG,PROGRESSIVE_KEY
23.232435-55-5222-21-3115-45.13-5342 45-6112-14-51.53.32-2341-1522.33.54-4433-325245-21-6161-424314-12114231.2451.43-4151.31-13 1212-34. 4215-45-25.111434-52.11.53216115-53.41-31-211321. 3341-3131.5352.14-4412.61-341554-22533545-2235.4411.13-43.55.53,POLLUX
Q MZQHMEUHVENFPAOPRWVCCPOOLGGLRIPGCZIINNCOYGDTCIPYMVQHSDCVRSCWPGOURXGIKIAWKCUXNNBUZFY EDYXCXF X QQMTLSKWEZEGFEQGCBSRMXBRPBWPUFFIOHDXVA ,PROGRESSIVE_KEY
61.4135-4143-35.4313.23445245-25-33.32.53-12-23-2243-23- 454531.53.54-24-3545.1344.14-44.12-14.32.4231-54.45223242-42125313.61.151512-53-52.52.31-51.1132.521531-415332.251355-12.43-22-545252-2352.3224.33.123323-3554-33-51.25.,POLLUX
TFTHPYUXXPHURE YCGLY HJBQJZQSHFLBDYCTDXRVTDZS GGZWUOESMZTXFMEBLUXPIJADBJZBNKTKAYTDHRJHQDGP AFGHRTLNBAHIAOIKZMTQVCZSOBIVZAA,PROGRESSIVE_KEY
45-33- 23.24.34-43.32.14-35-25.33.22-422515-33.11.31-434454.45.11.61.14-5161-54-44.3561.14.41-33.41151114.53.5412-15-24.24-15.23.1331.45-44.22-2561-133342.52-12.1251-44.35-42.136111.52-44-2245-22.35-35-15-43-22.3244.34.51-5513,POLLUX
HLW  HPYRAWOXJTTRNIXQGQSLAOJDJSMLQSPORVRUBPEOVUGRIUAYKPHBYXHLMLHDRJHHGGPXEO YUQQUROOIYQXCDY DDAYLPTUNYQCCUVXOZRNFYYUUUSPZBTHT,PROGRESSIVE_KEY
55-35616135-52-5452-14-41-55-3531.12-3521.15.312115-21.61.13 11.51-22234252-21-5455-2411-2512- 43.24-21-41.1141.2413-41.41 14-31343234.1133-15-33335461.34.2161353442.5553444114.24-32.13.13. 153314.15.53.5524-51.54.5321543243-5525-,POLLUX
ZBDKJCSWZBPLBPMQPDFNI FSMUECESBZCFXZTXDMCITAXNQUJXCIQKEN NDGRBNXWRUCRUEWLHQS C RHXCQNDCHJKFLAIYOQRNZHMTSW MFCCOMQSTBHAEELEHBZJYIXZSKCINSMFGXLOQY,PROGRESSIVE_KEY
25-54.5352.52-15.15.34-3461-15-233241-1512.54.61.43-21.51115231-1551-13.51.44.55.3422-52.12.51.1423.242525.41-43-1521-33-32-34.51 111325  1231-1342.2221-13.33.52.21-11-4523.15-535222-35.44. 3421.34.15-21-35.31243221-21.45.,POLLUX
NJKMEYSCDDNLY B ZYQNOQHAZXRYGQDLBO GAOFSVTTE JFAQITUBVI VARHNUZJTATUKBDVJPJOFNAGIKYYLDTORIKZNJHDBUIWIGR,PROGRESSIVE_KEY
3334.24-23-23.51-34524415-44-43.222341-5113.54-5111-2345-35-512311-32-53. 45.34.21.3312-41 5161.1444-524243.432345- 4124-3144-44152423441351-34.15-31.25-441225.11.33411533-44-433544-12.51-4354- 51.44-32-5352,POLLUX
CHALVVHIMPTVAJMSGBCF SZCKQICJOKNKIIP  DTUGKXDGIZXEQEERAQGEUJKRJCMDKWDRVINUWUQZSXRRZWZMWHQEYJUNAWAOHIMGTGLBMCQFQOTTPLLIOOBMBXJZFGXIOMDTXOIQY  QCSEJOYCB,PROGRESSIVE_KEY
61.24-5235255342-21.2524-12 11 3425.35.33414142-342215-21- 13.3224-245261-2514-35. 41.1122-5313-6135.5541.253361-51-33-34 3453.45-52.255334-12-5143-21.54.611123-41.42.15-35-1124.61-21-61.45-5144.3131.21,POLLUX
ZKWFGYZQJZGKQCNKEXCRPSKXWCIJPAYOQ AIGEJCAHKIBRSFRAUCUBGRMQT GADSIDAXQOVO ZQDZUCGUGQDNXPVWRDJBFTXOOWPNSJSVKPVMEO,PROGRESSIVE_KEY
42243425 4133.24- 41.61.24.24.22.52.3132-45-254244-13.23.1152-11.1342-23.2232354441.32.55-4261-3133.45-13 15.43-42.4135.355545-12.5215-313452-51-11-41-41-45-53-54-44-34-2213-33-4255-5511.14-32.4122-33- 25424225-11-5112.24.45.2413.54.14-35-51-12 ,POLLUX
DVVYKNDKXASJMCVJYTZIGBLCMBHXLJBYGMGPPVVRHIQKEYNKLKFACMVYGLWZWAKJLHAJUSAWFWPFNKBLDJCKPAQYRVEE GYJJBKYVVMKOKTFDEDBYEEBDMXGQUCGXOFDXOPCZTAES,PROGRESSIVE_KEY
124523.35.32. 61-15-52 12.54-14-61-55-32-15-14.11.53.21-45-5425.53 25544232.12-43.44-43-334251.41-35-25.4154.3513-51.21.51.3445.15-55.11. 55-22.12.145114-21.1224.53-52-1561-54.3144-34. 51.25.54-54.25-32.22.42.13.3523-55-1112.41-24-,POLLUX
UQJLKQNAIJAHMOPLFUGPJKIIDWLZGOCWBTJXHROHSG CIQPERVFBAP JLHFIVBSPOCFXOGYFVEEPEYKREJCI EONORDJMLHZTSALJBRD SMRXNTPABKHTDYQKXJTKEJPMVBMDMSZTHIDZIZXI,PROGRESSIVE_KEY
2151.55.42-21.121333-52-42-12.11.42-2321.115115.42.14.43-42-21.52-41-3411423361.324541.55-53-13-33-313232-11.51.53-53.13.21-51.32 61.4411.21-3555.6152-44-2245.13-51-1151.113513.44.13.11.12-44.32-12 34.13. 43.3131-5532.23-2351-11-1415.24-33-41-53,POLLUX
KH JIZUOCTTZZMYISIBEJWTQRYATMAIPSESKSGFBQGXCMVSXOGVQAUEJDYCGKCLWMDQENFCJEZWMVIEOQ LQMXBIMUXAQA JZWOHQBHOIHRTI L,PROGRESSIVE_KEY
42.41-34-11.31-35 15-1222 53.4223-3111.54.44-22-33.31-6111.6114-31.23- 61.41-3252-14-42-35.45.35.1424-45-3511.54-14-44-24-4524.5121-4222.2555-13.434434-5123-25-54.3343.  61-25-323242-15-441244.5443-43- 1153-35.53.41-43. 54-34-15-,POLLUX
ZNZIDNXILLPAMICNLZAAB BEENPKDQI OUTPCIINQDJKWSKKVKDCCBFDJSDNUDPNKQOLZXLYMTSLUFF VEOSCHOBNLVJXZHVDPDIFUTZFKHG XHZRKTUYD,PROGRESSIVE_KEY
22.52.61 5324-223433.54123344.51-23-3514.54.3532-41.41. 554154-55.13.35.5213-43-52.35-5114.14.554252-3222- 31.22.4223-52.35.4241.33.11-5444.243414.123554-5332- 5422235444-6142.22.55.13.61.21-41451353.6134-41.3131.234144-45-52-13.33-34-15.23.44.22-13.41,POLLUX
YXYUKTMGKRACLXXYWQTTLIPFSRKFMQKMV TDXQBP RPKSETZYV G ZDKJKQNMXAYQTNTD VZLP JBO RBNDLSTTLAZKEASV XBENTZ,PROGRESSIVE_KEY
54.213331-13-23555154.413431-43-6151.45-24-22.5221.32.13353431 5443-33-135551-23.13.52.1225.41.324124.52-13-14-2421.32.41.45-31.21-13-15.4551-35.52.2424-4154-42-51.21-221151-52-43.3212-23.35.35-3551-55-1114.14-24.1511-45-,POLLUX
LHVXRIUVMJHUNEGXOEIFJGPER GXQWMVRVOVJFIOOLDYOYXMOMLYVZJUOKLQIBERJPPVQTXWZKHCDYCEAEJZSKQXUZKPTCLGDR UJJEJAEMQ EOUFJISXSOCMADLHIMSDNCEVDSHTSPRQR YZLJC,PROGRESSIVE_KEY
31-23.34-25-22-6124.35.3144-45-21511211-2133-1341-34-44.23.21-2442-33.23-54-41551154-11.14.3352.5222-45-32-22.35 43.53- 53-4223.4152.35-14-511444-121312.34.524412-22.5355 25-14- 44-4412- 5435.52.45-3241-1511-15-11.34.43.21.15-35.,POLLUX
LGSWJ NESOUTMPLSFLASEXNRC FDBKQWTJKI TSIXVXXMWDXV DTY XKH XYCGVHMEBMGCAZTWDMMBJ NLYBMJFZAYURXEHIVMRTIPPJ AJJXCWNS FTJQEBSR MKFPBKXRRKMFRDEYE,PROGRESSIVE_KEY
54.11-23-23.3251-5142-22443113-31.51-5225-54-43-245545.42. 24.34.31.11-22.145555-343161-32.52-233122-52-31.25-55-31.425353.15-23.425333-3323-42.3211.42.34.24.15-616155.53 2213-21-61.25-22312114-45.23.34.55-21-24.3413.35.45 55.444245.521231.2561.25.61-61.53.,POLLUX
LXBQSXYPSJGLO QCRGML MTEYRLJIMBBPHBRRQCOSANIZDEBTLRLGQCCXAOXNFZWZGVBYEDENADUALHAITFMJNNODIOBRBCA QPYEPYHWFRZRERWBXRMIKOCTNSLCSNDQRSLVRMSTCJJWHV,PROGRESSIVE_KEY
3123 33.5115-12252133-43-61-15.35.5452 2115.33- 11-45.55.24-445122-135552.2552.5422.31-1413524333.15-51.3133.12.21-411133.32-25-3552-13.11.4223.32-2535.1345-521221.2441-41-61-14.6132-35.3314342312-13-4415-14.42-41.2413-,POLLUX
WRGZAKJYXTKENQTEP REYSTSA RIKCSGJPA EQNBTVHKBGNRYZ MIPJPFXIYZAJXXBHWEGYZKMSKXDWKMTK HVDJE AJ RIOQEOZH YXEUJNRFDQQGLNLC RZZXMRLVXFS ,PROGRESSIVE_KEY
35- 34.12.45.23.41- 35.1161-42.1152.43-1251-14541312.61-14.44-53.5422.2222-5343.3144-43.34.22-55-2423.43.43.34-44.43.11-45.31.42122442.41-41.41-122455.13.25-23.1442.3221-253355.23-53-3114.32-14.43-12.543355.5433.1521.,POLLUX
CIMUPCGDWLYSWLYZGCEMNVFRWYBJJDTGPFZAKXARDRQALBZWLMFS FMKUGAVWXUUJTTONZDKVXYLMTBW SOTMX RAKEBJEKPWWJD ABMHEBMZIV OKQZMMTVZADKHBRCUWJYGPHZRDSJRSKIPDH,PROGRESSIVE_KEY
122455.5545-3215-1551-54-15-55-12-1134.51.11-6131-44-4443.52-35.11-12-6113-41.23.32-24-14. 1411.25.55. 4352.61-51-2133.2232-32-1512.61.2111.12312515-3215-11-5314.52- 34.44-12-52.44- 4111.4144-42.315454.44.13.15.12.22-1344- 542261-41.,POLLUX
BXQYBD BWVDDONXETMUFLFCERPIMVNAJDDFNDYNPORTDZWALATW ARMTDEGIMLBAPUCWUKXOVBYDRCKDDONELEXKPDNWHCRNBHJRTLDNJJ GNZFEAD GOTCDQPJCOHRVLFISHOMVDNYYKAKW,PROGRESSIVE_KEY
52.1413.61-61.123513.54.31.53.3342.13.61.35.42312455-1315.3224-5342.43.54.22.15.23.31.42-2444-22-21.4412-43.44.42-25.53-33.2142125143.4131.1255. 34-45-22-52.32.25-51.21.14-32-1333-1454-31-13.411524.31-4423.32-44-31.41.53.12-41-455323.45-4232.4231.55-35.22,POLLUX
 FRQZHZCDVEXFR IPECMQGXIXWGKBHM ONBNFUPCFVMKTHKGQVWEYXXAOJODBRJKZIGNCSLLFGZQDBYSSTYLD JTHKETURPFLMSFHYNPMLDRJTWERGBKKCTJ ,PROGRESSIVE_KEY
61.22-13.11.12-44.53.23.15-3531-14-34- 31.42-21.61-35-11.23.2512. 22-5122.41-3332. 415513545433.45-21- 61.25-34.55.3531.11526123-51-15.52.42.43-11.3214.5252 225343.1432.35-13343132-31-31.55-12154444-25253114.54-2441.32.3331.53-,POLLUX
JQCKJUH ESIECFOBVUAIGSNEWLUZXNAYFNTOCGJETVWCAAYILOZZDHSGQLUYOZYMXPJWTMKAFKCZDSNZMLUKHK ATJXAQQKUGEAYANHFUIJRFP,PROGRESSIVE_KEY
21225324-31 61-51.4311-21-2222-42.41-14-1255-54.32.11.13-22-3213.52.33-51-11.14-123542.433445.44-5311-51.2122.514222.31 32- 43.5444332333.15-1434-31.112241 2454.44-35.31-41- 153352-53-555251-11.5532-1333.33.34-13-43-51.22.53-4324-12-33-51.12.,POLLUX
NSMLGBZODTYPXTTVDDTZDTWNKPWQLB HHMLMYVLRMBZHBLLIYQWUIODLKLEYMDJXMXA RVSFDPNC KOAMFREIOMRQHYDKBIWMSMAZTTWQMRJBS EAVGWNKIAOB MWVSQRUIBB SRMMMAAAVMWW,PROGRESSIVE_KEY
14.25.12-22-12-3113-45.25.5142.24.55-52-4253.13-22.41- 11.31.23-33-35-61.5355-13-34. 15.44.24.51-11.53.1333-32135323.3122.22-413144-13515535.6131.53.22314512-51-32.25  61.215213.4144.231252-5553.5345-2232-13,POLLUX
POBABWAKBHUYDGGZBE STVYYAKTCJYGTEBRVIXRWVKRMADTJNRIEGPMSTVEORKQJNBHEZUASHAYMDELHUHFBWCGCEBQ XNYLFCNJUNJZNVFQIYCOP FZVWVSOVRMDJXPDHWX,PROGRESSIVE_KEY
5554-531414-5553.32.24.334354122532.1552.231122-12.133442.52.22.12.3313.3454-21.25-53.22-5312.35.25-5555.14-55141453-55-1341-45.53-1412.252513.5225.4214-45.52-532553.23.23-14-45.2331. 1424-34.44-24.44-4134-33-13-12.44.245233.,POLLUX
JWG YDAGBTXCN TEKOZDIGFUSCIRMUZTPEHNVJWIK MHUIHLQTDTANVDWIGOHYBIDUBBP UHPFVPGDBJBVX  XUHTHVEWTJAFBZDQHIDLJYXK,PROGRESSIVE_KEY
5225.1542.52. 34-15.25-12.14.52.55.2231-32. 43.25-12 13.54.33.2411.52-55 4111-35.43.23-25-12413121-5222-43-1355.54.32-12-45-25523143-14.14-1221.41-52.4343.31.41.12-34.3155.55-53-1122-41-42-54.314453535454.32.61.55-55-42-25,POLLUX
VWUIRKLUKACZ DBHRHIVQYJI VFYBCICCBTJSYSOCPBKCPJTPRGKLGROGRQHAQYUNVIBRYTHGWDKKAZHEPKKZIT QIQET XDUUMHYIFT Z,PROGRESSIVE_KEY
4542-4231.53.2542.5553-51-2531-25-3235.51-24.422412.23.33-616115-4521.45.13.12-32-54.44-12-55-13-123352.51.52.21-35-3515-1214-3242-24 1154.41-22.11.23.13.5135- 43.4121-15.12.42.41- 35-535511-32143161.45-23-435423.41.13-14-4231.23-43-33-,POLLUX
FITOTQJYIUXSDDOFBZUJICSFTCITCILKNYAMFP XTFC Z IUKWTCYOCIBX MANCZBJMRWAI UUSWLBWNSK WEFTMGNNHTGUDPVMJNVVZUBCLE VZXCIMJOULJ GOPMJLGHMHSOPUVLINMDZ,PROGRESSIVE_KEY
42.33.1355.24.12-12.14 45-5245.5445-35.41-51.12-45.3114-5432-14.54.5133.41.34-4551-51-52.11-13-35-5561.133151-1114-61.25-32. 6132.54.61-11-5352-45.1442.15-54-41.11-31.21.22.61-14.52-25.1432.2535.41-5234-52.4432.35.12-12.,POLLUX
UZSXWZXEZOEIHQARLCKWILS QVKXCPFZKLXTLWYCMN MZRSIHJLEFGYKPCLCBOVDYTYCIGZXXBDVMTKWGMEWGNVQOYBFL FVONAJGQTCNFHXIUUEJGQQ,PROGRESSIVE_KEY
41444411-44.42-11-35-32.61-4321 4243.41-14.12.61.11-14.35. 51-34.31.15.21-35-35.55-1354-44.5411.54.44-32.33-2554.53-43.11.34-22-12-52.34-44-54.34-41.325352-11-15.43-44- 3153-15-31.341554-6113.5325.5511.22.4352.35.122255-5412-14.41-52-41.2141-24-52,POLLUX
XF SJ PHPTIBIEHYOWIXI LXEBZBVRKFLKFTSOMFHGMPMDTEJYDIORKBLBJHLIYVANNEY NASCMOWOVPBMRUBYPAGMAES QUBGMYDWDKK QTLKNQW,PROGRESSIVE_KEY
33.31.3535-13-244342.32.42.4314-11-21.34.112211.22.32-35-52.23.3411.4212.23-13-33-31-45.14233423-4361-25323161.23-23-14-31.5325.4334.45-44-51-55.3333-6124-12-54.23.1551-22-52.3413 6132-4425-31-2415-43143321.12.21-32-52-61-61-52-44-34.23-3515,POLLUX
CLRLYRKRZBGITVRXCCGEIWZYPGSGYSLCDXXKVYC ZGCPOOQSHTGUEFVGTVBJKCACBJTEQBBPQCTEIFXFBFJFMBXD FW LTCJXTSRCMIGRCBCGSZWWVVMUQXMCTQ HGCMQGYVNUJTXEHSH,PROGRESSIVE_KEY
21.25-25.346132.3125.24.25. 14.33-33-1452-11124241.21.12-32.44124545-43.42-61.45-15.45.5223-5554. 61.1424141553.21335141-543231-221141-24-44-52.44.32-24-52-61-12-4215.24-33-23.5551-51.61-43.4124.3244 41-25.554423-21.42.11-15-43.2414.51.34-4324-5512- 54-,POLLUX
PTFQHWFJOXVGIPGC DRZLHMYOYASMWXUKTOVHODQFBBRIGUQSLSVXATHSFSZKSINMU SKHNMXNRLDMQFAEAQIDA EBPNTZNIVALQWLBOXN,PROGRESSIVE_KEY
246111.1354-33-45-5154.25.4442.222533-5213-455125.31. 25-25-34424422.5131-34.521522-43-61-61.43.45-11.1344.5435.42.43.43.44- 34.12.13-44-1145.42-43 14.45.351223-15-43-2214.4323-14.22-54-11.5325-222321.5122.22.211141.11-35.34.4235.12.51-,POLLUX
X UGPWKOW YHIPYRJTDCSREITGYQCURQPHCLTKUFTTLPRJB JRSKBRTZKMDXD PBDE ZGWRKHTUGTIIZDIHPOLINWSRWUYJYBUQBOLIAPDKRJNXDQRIJW ,PROGRESSIVE_KEY
23 61.35-2151.554454-24-14.1213-2243.52-52611341-54-24-23-5541.23.15144411-34-442413.3123-22.54-52-133433.3315.354512-1533-23 5551-25.341352-3211-1361.13.3355. 4161-11.21.45.4521-14453212.44-22-54.43.3521-51.42153441.34.2114.,POLLUX
TJQEMQRX ZCFFRYTDYTDEKNJTQBUTFPUMQPXMNHRAXETUGKWNUSLIVEPFMKSSKWV VRIVCOJGZYQECNTZALNUOS HMRFBCS JMQGPEYJJNNNTFWJZFCYLHKN,PROGRESSIVE_KEY
5522-24. 41.2525-21-44.12-2513.13. 23-34.33-41.13.51-6144-34.51.4322-21- 3243-11.2434-4142.45-35.33 24.5315241313.23-25-61 35-52.15.11214342-3552-2211.42.145252.54-42-61- 5114.43-52.121221-31234431-54314411-54-41-13-11,POLLUX
DLTSBBEFUOK FZOTUAOKXPD XLAKGVDCVBC MMGEFTEHADIIANPTINDMVHHMXVNQMSGTNEQWNHMEJWGFRUEAFFLXMWNVMFHCDHHICBYNEOBDKFYUYZWLYAPLUQHDYCCDO,PROGRESSIVE_KEY
23.1115-4414-42.4411-31-15.3351.22-14-12-43.15-61.13-51.45-13-12.13.13.4454-61.13.2344 6153.43.5325.4113-1334-42-54- 33.22.6134.23-421153-4353.24.31-13.31441345-25.113461-1445.42-4433-55.5211.11-2123-31.54.5132.53.24.22.542314-11-4124-45.455361-43-54-35,POLLUX
GTE IMOLIJWAWHJXULDZZRZE MEKGHUHAQWHNKSKXTBLR JMW WSRARESGHX  QYZWV USZNCCXATPQXFFUQTEPJUVFQPLLYIABTFUWDGEJSBKHG LNSEQSF,PROGRESSIVE_KEY
41.21.44-334153. 53-213234.35.44.54.1531.43.554331-51-23-12-32.2255.42.52.3233-44-3424.5424.25223232-33.2142-5155.2245.35-3432-616122-1324-5321-3415.61.4521-32.143315-23.4255-14.61-51-54.61.1411-42.61.1134.44-61-23.4521.43.222455- ,POLLUX
YKFESBYCYUJGGUO  IOXSJJXQAY LAMVIHUULRGAQQAEQRDIZWLMVVDDZYXBXMCBZJFEMWZOLCJHIEKPNDE LPIMAIUHKDZHLLWIXKGONTD,PROGRESSIVE_KEY
45-251433-554352.1554 3332. 1321-45.23- 4132.14.22-42-22-153134.34-53-35-61.33-315131.34-55.45-31-31-51-41-12.51-61-33.55-25-42.33.1354-33-25-45.32-51-433152-2313-1313-52-5132-53.6131-1442 1453.1444.54-541324.23.,POLLUX
KRKSXJAKVCICOXHHAYU CFSHLTCCBDXFUUFSFENMDWU DHEEWQQGJNUUQKATLOXVIDORYPSDQWUKVOJMEXDWGYHNEWPOBJISPGMWLEJ,PROGRESSIVE_KEY
 23-12-21.43.432123144554. 51-32.3551.41- 53-2144-14-3115.14-22.33-54.41-344521421545-336155-1523.551122.21-13-1324-5251 4315. 23- 15614355.52.3214.22151113-4233.15.53.11-43.55-4123-53-453411-21-42-13.2344.313212-2261.542255.51. ,POLLUX
JRDRSFWVJHYJMDOZVRNUPDADVRAWMZWNCP WCFCTEM HYSXQLBISFTXMO LFUFCXLHBHND JHDNWIHNBCU WZREFXUVRSOEOMPXWUPRYYNYFMLQZSIUTKBWPAKCD,PROGRESSIVE_KEY
35.12-15-61.2151.53-24-34424153.55.4514.32-21-33.33-11-5134.43-55.1125-34-424424.42.35-44.45.22-4124.41-14.32-53-3543-43-14- 5311-1425-55-24. 554341.42-53.14-22.2531.1111.53.43-31.52-1553.23-5154-61.2332 31-15.21- 13. 42.45-5153.4424 5213-23-331434,POLLUX
SUTNTNPTGYPCALGXO VDDQVJJGAXSFWOWNBOENROTBBPBKBPHENLKWDRYHIOAAIBXMOGV OWWFUFANKQQZRPNOFNNAQHUFOJEQKRVZTIH,PROGRESSIVE_KEY
35-25-32-41.435442.22.5412.35.14-54-14-14-34.2135.23-12.23.512552.61.12-23.2411-45.13.42.44.42-53.21 45-5231.51-31.3212-5245-52-41.434223-55.23.52.32.23.51-541141.33-2231 24.55.24.35.133351.14-231512-13-43.61-52.23-21- 4443.3233-21.53.42-512444.34.13-13.1124-41-2243,POLLUX
VQWDXGRBG BCQXHUZMFEAITE OZISSZOKKE   BNLXXXQXSNSDXKUFHCBLFIMKTSPPXPAQSNJZZKFWOFGRWNACJPBLHWTXVAEXAYU,PROGRESSIVE_KEY
31.11-61.14-61.4422.6111-2152-242413-61-52.31.61.52 23-42-3523.14-13.53.25-2445-44.444411-11-6115.34-42-12.35-14-12.25.55.11 22. 3355.3155-3455-33.35.41.25-22.15-34-25-425513-3215.11-32-55-55.452125213322.51.14-43.33122331-21.54-,POLLUX
L MJWH PSXWDSFYUDBFJM FPBDPUBNYADTNXXFFJMXIHSVCZFIPQQWETUMZAVGXIUIUQENARKSYFTJVNDZQLYJ PMIHHRFMTLCHNLEWKPXSERNCESJSGTKNBSLCCANCZLPZKCDQMESNPMZNTW,PROGRESSIVE_KEY
35-35.12.54-2313-25-43-1215.552125-2432-212512.35-23.55.11-41.541141-21-424241-13.53.3245.3233.54-2351.33.34-22-21.12-15.53.43-32.15.432561-22.5352-3515.1322242153-45-44-21-4352.23.42343124-53 4154.11.43.32-31.5443.45-52-22-44-42.23.33.541454.2461.45.32,POLLUX
YDGIHCIQNMPZNCC RBN GVIZBQYWTFSVFBLCGHMWLLXMW BSYAJVYWACWTKWKCZMIJEGHYTHTTEHFBDVZKQ WRHEHPWBUWNEKWCCRKS BRIOOBTVDVRCIRTZTSUETGJ,PROGRESSIVE_KEY
13.11-13-43-541224.5423.553233-32-31.51.122523.33.61.25.45.32.22-44-44-23.4242.1461-11.52.2332-12-52-423331.34.124155-45.14-24.35.44.1123-45-51-13-25.12.2335.1222-24-1145-14.41-45-4335- 2115.5331.2533-35-23.11-21-25-35-33- 2132-34.42- 11-15-451422. 4151.11,POLLUX
GNDW WODBXANAYUIHLR PDDCYHGGR TIDWHTHGFZINZLYOGDQRLIWK MTSFHUQCRXVHVDJXZBNGIURHTGHOJTYDFIMCHMXVKCYCEXCPSYXONHXCSZNWQZJRWPXJBOAXB,PROGRESSIVE_KEY
3341- 14-43-34-53-45-52- 11.22.21.55.13-12-23-45-55-33.61225342-4531-14.35-43.43-61-422314-2331-44-5242-25-54-61.1441.33-52-33.15.52.13.43.52-3124-6144-42-33-42-1342-5553.15.23.324334-4311.3135.25-5152-33.61.22-21-5422.41.6151.12. 54.14-12-55.5423-35-52.55-,POLLUX
VTNIUTIZYWULRZUBRXSUOJHEPYJELRYWYMZPBBG VXZJJZ VUMWSJPIBSNMKQEHFOQKMNDQCX EPJQ UTXLGDPWWWVJUCVMXVZFRJB BJXZAR MHPHUC NC,PROGRESSIVE_KEY
11.41-61.41-2431-5221.1125.342352-45-516124.3522.45.346114-35-11.55.615533-13.23.13.32.24-5232.3454.61.34- 6145-55-33-23.1412-12-25-5331.15-13-31.1421-5413.61- 32.5425-13-41.35. 34-3554.2221-54-12.31.33-42-21-42.41-44-52-,POLLUX
NFZCWEZVHUHBZI AITVPGTKFOODHB TKCNFNVMKCVCFI NBOQSZUKGTAGNPMVXCAHESWGFRPVYZWBMZU OWUXKMTITCWIMGDQWYIKLUUXVSYLRYJXCPEOAZSOEILWOXXYGWOSCJOGV,PROGRESSIVE_KEY
11-45231345-31.1441.25 33.41.51 21243454.5334-231434-52-4351.4535-45.353445.44.425355.12-42-21.35-224352.11.15-25.11-55-22-22.41-25.25.15-54.53.25.121215.3221.45.24.2535-5124.4213613153.51.53.21-2321.1445-21.452231.24.4335.24-51,POLLUX
GNUBREJDONRTWRVCKIZCOLJXVL VPLYEWLX EJEMFHCYKYZBLXTXJWZNZBLNYKNAUQGKMNJZZMDJGGMYKBKAJFAHZZGUOHWVQCOTCQLJUJPIFUNYJGWEERHMWEPFFEOICZXOEJCJABGZCUUU,PROGRESSIVE_KEY
4321-25-32.61.23.34-35.54-1344-55-3145-45.61-53-1131-21.15.61-45-45-33-242313.35-22 11-25.55-21.1544.525312.61.2144-4331.231142-52.4232-54.55.51451155-31.4432-25-15-2323.5153-21-23.5224-4244.3443-44.6161.4211-3345-554212-3225. 53.,POLLUX
BMUUKLJ KKETSNVLPUDWPJMGGVRVJTLGLVFXOWDKVVXLRG GARSVEFLZFTRPEDVSGOBKRCCZUIGCFNEJOPOGMQXMNYMMACORE RBWQPME ZYGQNNUAOAWKRDE,PROGRESSIVE_KEY
3154-23.253423-14.25.54-52.2515-346155-31521231-44.51.45.2321.23-44.1245.4355-43-21-44.21-14.33-41-1433-12-33-61-53-4132.41-6122.2325.51-51.53432555.31153451.41-52-4511-2515-61521255-13 15.115144.3534.32-5335.11-22-,POLLUX
BEONJOMGXAUJJSHRJGDHTANEHLRIDLYRZHNCHRFSINLDMUOSKWCXUMGZCWOAOIZGCBWVTLFQWFRP EBOTQUMZQLSPVSJWAOOZDBQPW,PROGRESSIVE_KEY
52-2355. 52.5342-251351.43-3542.1321-315141.4414-12.42-31-32-25-35-51.41.444254.45-12-52. 61. 24-55.3543-31.325133.5411.61.43.3532-1255.44-54.42.3121-13.5435.2113-33.15.3523-51-441125.13-24.6161-24.4512.4413324214- 25.3123 213123.11-,POLLUX
NDPPSVVERUHZQRHOHZNFERGHDNJL KCXNIERMTMLAPBFGRGAQETFWA FBKDIWNPPTGOKVAPAMXSHEK VPZJAXIZRCUGSISDI FSKXUMLFCYWGUOTJBXXGH,PROGRESSIVE_KEY
5355.44.11-25-2133.21.25.13-22.5461-254553121113.54-45-53.41-2534.1231-4141-2223-23-  22-225461.52-52.42-33-45-43.424533.15.33.611251-43.13.33-34-2225216111.5523-1345.1441.52.525254.12-21.53-3461.51.413335.52.3525-34-5234-12-25.,POLLUX
IMZ O BVZVNEQBELAHMDTQDTINU WPFBDSVC PGHAGAHYFGRMMFCPMQUHMJDMUSDDDHJPSXWMNHOYTHYXWFXCDYUCVONFTTJJSLCNVSMVCTBCBT BDCWTNVPFOAKVMOCJEGVRHFAKOEA,PROGRESSIVE_KEY
5544.152433-2523-314541. 31. 54.53.14-522121.1452.51.11-15-52.61-52-33.41-61.422134.14-1324-41.43.45.2235-43- 5335-43. 1422.351431.61-42-251454551121-15 61-2231-3361.22.21223343 1551.42141112-44.12.43-1545.41-,POLLUX
NDTAVSCHCDXE OOQRSJBIRDRM JEVMO RDHFWUYGPAB EHHUJMJPS CHDIEWMAJPJUZ DBFVFHEHZMQKHTSCWHAEHMATUZKHGBIL,PROGRESSIVE_KEY
4113-55.4453.34.21.51-21-2123-45-321452.5324-1513214515-22- 33.25.43-5135-4135-34-1254-44.23-1453-42.43-32.12-45-4244. 5232-45-33-32.45-5242-5361 354345.2423- 45-12-35.5155.22-2124.11.15.22.1155.34.12-51-5124.25.43-31.15.5515-33-25-25.12-24.25-21.24-61.23.,POLLUX
IULPDHTAJJZHGMIVGIUHRZABMMEBNUKQXDCPUCWSLZBOOEFFGNBWBLVSESSXSMCXJMQTKOZQNXGTIIYQXSXZCRZQDCNYWYLPVKQBBEQ DD VAGRUGGHSZGFOLDCJPHNQZOSA,PROGRESSIVE_KEY
53.35-24-61. 35.61-21-1252-34.3555.2323.51-32.32.14-55.21.61-3343.32-4541.41-5553.3435-24.61-44.3151-52-6123- 34.22.4543 14-4454.23.24.54-31.21-61.53. 15-61-23-5112-43-3112-24-32.21-42.22-51.11.35-255111.1522.41.51.321133.54-12-143151-355435,POLLUX
 ZMMRMXSBOFWCDHXVQRFKAJLEJSKXJWQJPMLIIXQHGYYNJMUYLEVLNNPPHZ QZHNCZMBGYL WFAQFQH YYYYVFOBEKBRKQAFQAHBWCZGKEAFIF,PROGRESSIVE_KEY
1243-42.13-5351.31-33.54-1213252515-42.52.12.34.35.55.22.1533-3252453152231354.2315.413154.44-254124-11.35 34.54.45-53-41.41.51.51-13.44-43.53.2352.23.55.4245-51.12-61-41.31-53.2154-61.34.31.51-3131-245324-4242.53-13-1352-2315.43-23-35-43-1443.5161.35,POLLUX
CBCSUUDIQMBLWOWI CNDBRDVPNMOCSRJXDVEZKJZXVQQARDRRFYYKKNXGG EEFASMJC IXBHYUZLZEKXIODGQAYPWVCUIFTNQQOZBX XCYZDYFDLIMTRM,PROGRESSIVE_KEY
42.1351-1531-25.23-11.15-22 236111324351-55-33.34.24.52.2422-53-1153-5414-32-13.441433-13.31-45.5433.2431.23.41.34-43-31.2441-3551.34.4412.221514-52.51-353154-13-144213-2143.1534-3222. 4431.42- 1214-536134.23.,POLLUX
LORIECFVOTSR GAHBQWSULXMBGBAZHFSMJWHOECJCLLKOLSMNIJMUN OCOTQKXROXMIUCVXAJFDYJNZKRMGLGHHDOMPENIVXVIGMY EGIKNPIILXACSZTI,PROGRESSIVE_KEY
51.61-51-52.51- 43-41532151.33.3443-51-12.5133-45.45-33-31-21.13.533561-53.53-55-1354-3444.21525514-515251-51-45.2112.234533-311423-35 61.4314-34.23-341225344441.31- 15-44.53-33.55. 53.55- 52.21.34-44-54- 52-33.43.14-61.4131.22.41-1533.45-55.5333.44-524313-,POLLUX
DUAOTPMKGVD RHPSBMEWWQSAYFXKPCQHFKHIVWJTWUVGTU LVEBKZUSMLWCWKAEH KBNNWUCNMZCNWVISEEIYVZFYEMTPIPZGLWEGQ RVTQCDG MSOO IICEIGSVHQGNHUXMJ,PROGRESSIVE_KEY
2244.54-21.4225-22.45-14.51.32- 32.12.61.54-33.221334. 12.45.21.223311-35-51-24.23.232561.44.42-14-44.35. 54-12- 3411-5431-5261.1442-12.4322115443.34.34-41-25.3452-42-52-61-1113-4254 2455.11.5221.155124-44-35-33-31.422232.51 43-41.15-44-5352.  ,POLLUX
BQGEPWOLHQZAXHXAQWCEBH NSENYDNJFBOFVVXPLYSMMPVUDRCIUMGZPXDWFJBOSKPXOHF DUBAZIXVVNCUJUNADREAJDDJJRLALBPKGHBEA,PROGRESSIVE_KEY
24.4551.61.15.2311-14-34-31-13.32-44 44.15-22.43.44.31-41.44-25.32.12-3412.33.42- 43-52-23-4154.41-41-54-33.351243-35.43-33-41-43-35-51.45-61.35.15- 35.2345-25-53.14-24-33-14-22.44-33.34-4144.25.43-13-61-45-15.2342-5323.14-2554-22-,POLLUX
ZEKTZWTFR VRPHXTXNXQZNQKLDPLXHUTYGIFQIFJQFOLLLSXUV JPUGODZOLGOYNECAPZUWZYHGUHCUXXPTENPKJW TXIQHSEQEHHG,PROGRESSIVE_KEY
12-35.2513-11-31.52-61.61.2225-21.3455.5135.35-1443-22-5355435132.44-45.61.35-21-31.22-44.15-14-33-11.13.13-544552-51.532345.45.24.41-53-52-31.1423- 42. 14-25-21-13.1361.11-34.154154-12-32-53-4233.2245532351-15-13.35.2415-454222.43-53.54,POLLUX
FNKVDBLFQIDC OKSUZHHMPSUI KXDAGZBQIDWIMDQKLRQHGMWOUIMOMQ WVDEBLF VMRCICHUAVDSLOLJKMKOLIUYKCLEBLASXPHQQRAOBUGGJEJAHEGRZHEHM,PROGRESSIVE_KEY
43.54 2543.54-3445.251512.44-22-44.52-145214-124541 25 31-1131.51-45.45- 532122.4254-426134.12-1254.14-61.45-14-3143-11.34.22.132424-144152-13.32-2411-315554.44-15.6155-3535-34.54.32.521534-4531.51-61-55-2233-,POLLUX
XURGPZDSVYMQMYINNWWIYZAUHGHUXD LAFCURIFUPSFBVYYNEPIDMWQDHXXTQTWVWUGWFYLCCXWLXRNQPIKQIXAZFJBPZT YJUWSZYVGJZJPRLCLFLOYPBQDOXWQDCVGDAJVTP PKXUTTXCK,PROGRESSIVE_KEY
42-32.45.11.31-3435.13- 241542.53-23.32-3545.24112533.125421.51.2152-3124.44.25-45-43-2251.33-31-34.53.25-34-3315-53-12-53.24-51-51.45.43.22.1225411115.25-32.5461.32.542445.34-3155.1515-22-44-44-3133-11-51-1551.52-1524-15.1441.2251-12.2341-3552.,POLLUX
ACRACAHSUXPJHWGHNSGQFUWUUBNFNWFFXPJVVJHZEUOQKNKSRJACCYYAPKJMCJDVXWPJYRXWMADXKUNFHMIYERXQDSIRRUNNDIIXXASWRIYXG,PROGRESSIVE_KEY
32.44-1435.42- 51.33-21-23.53.25-52.45-523112.5312-5341.13-543551.23-33-5254-4234.11.23-14.53.6145.2332-4243-22-25-413211-3324.33.15-611243-33-61-35-442144-51.42.44.33-11-3543.5424. 52.5515-22-1114-31-13-41-32-14,POLLUX
XHQYJVIPKZMASEUDOOGVXKGEQEJ UVIBJWCRLLZRS  YMOPQTVCFNVCLYNIQVTBR YQZIUMNY TPVMZPUNYH HCMIVRHYHODXRYMBMBEGHKDKATCUUKLNFWBEWNMMQSWWJDFLEVLRXSBNP,PROGRESSIVE_KEY
2445-15-24-2353.12.1252.53.55.21.5544.14-1525-35-24-54.4161-24-24.3411.14.14.5342-24-54-15-25-35.1152332525.23.13-43.52.21-4421-33.14.2224-15.42-34.1231.4221-13.43-13-51.4134-42-41-54. 51-25.23.2123-41.4224-45-5312.15.52.55-3223-5334-3414.,POLLUX
 VPVDELFJSZWARIV VBSLIHGWMKIVTDB CRLXPVMBUCSRVEKRYINRSSRDLVMOXHGSCVMUVGURUPQAOKXHEG TAFCFWGKJMENBTTXFX,PROGRESSIVE_KEY
5113-2242-15322252.2542.52.12.34-5261-44-21-25-4155.61.5321-43.1252.43-2453-4542-5322-15-51-4525.31-35-3354.546155. 45-3123-41-24-34.42.4544 454511.351545.25.1152.21-245512-52.15.5225.334313.25-54-6112-43.45-51333311,POLLUX
HSDQRVN TCCMKKSASIQZBGEIGZEJERZUUNOGV RFHPXKFTQRWDBYXIFZBVOVOGPTIYL HLNKDOJOBATDHJCFLKTR EZYXVNH DWLLJBSJBSFFMQVL XRKBQLXMSVAOLQAYVK,PROGRESSIVE_KEY
555345.52.3333.443321.61. 44.15-52-42-35-12-53-2511.13- 15-55.25.42.35-21.25.13- 54-14.3113-42.214352.44.32.51.25.45-5535-24.14.35.45125445.5142-44-52.241412-14.43-3324.45-22153513-4452-51-32.2555 34-45-43.23.52  54-51.45-43-3214.54.15.335441.343414,POLLUX
IKRMFDSIUQGUNHPVYYTUTQDIZVTRRNNPSEJJQDYZCBMCENAYBXMAQJWCXLBDOEPMHOUQQMVMWCOSYLNHLKWRZXFGCDSQEJGVSDROJ EBIUZKAYRNG PKHZM IAIXYBQYGPIEDKVBABEZXEH,PROGRESSIVE_KEY
32-43.415354.51.144323-613232.14.5533.332554-33-34.22.122321-52.22-43-53.45-55.53.43.2131-51.3244-12-31.13-4253.1245-12.15.5551-52-123145-31-32-2254-21.32.43.4425.3453-43-5223-15-43.61-34.42.52-424535.54.341335-43.13.155444.14-22-35-34.4451-1245-22-,POLLUX
ZNODFTYTKAMELFL NAWQHHWMPQMLNSJHIKHIA BKGDFGDXFLZASOPVMMOBFEFMSSP NDZSM PUIFZTDKGNHBUUNRUOKHMJBQOESFKVHCRWRTDQOJZSFIWYAPOK,PROGRESSIVE_KEY
24.54.35-23-5253-3112.45.54-12-42-421161- 41- 5555-33.35-34.55.51-12-44-44-2142-34-1231-1155.14-3255-23.13.11-44 45-53-31.254123-12-54-42.34.53.2553-51-4243-2433.23.55-24 34.44.33235235 13-13-15-34.5453.32-31.4213.1532 441124.53.52-515255-61.,POLLUX
UQOPKOJTJZPWSQNRIIUCC MY   IGDPPXUTONNTKABTECYZTCFFGIOAIXNYVYKIOAQEKXKYZXXWGF  DKGZRPDBHCROFOLRTDYMLUJCIBIOSRSTPNXRXYZGLHQAHEFBHSXSBIMSJUA,PROGRESSIVE_KEY
34.2242-15-1531.25.42-13-12-51-35132322.1451.52-35.55-5322.54-55321114.5355-4124.3212-35.45.5343.35-13-55-35-2552-25-2423.42-135461.21- 5352-411544325142-61.4225.21-31.53.4114-43. 5345-55-332254-21.5254.42-4112.43-4411-44.321255.3423.52-51-3535-,POLLUX
GUOJIUCMILBSZHHBXANAESPGW BRIQCWQQPOBTTTRMCMUCZIUELZNVELKHBXOOODEDOBZVBEZOONKCRUPCBWPJYRJWDEUEYIGGAMZFVCKB PNNEAELNQZBS,PROGRESSIVE_KEY
32-42. 14.13.54.22234545.14454235.43.52-115111-51.34-23-34.21.34-23-3133.41.53512535131215-23.12.43.1523-12.54-35-51-12-24-54.1351-15-2242.53-44-425545-34-14.5234-254361.41-322224.11.22-42-23-42-35414135. 24-212361-34-54. ,POLLUX
TBQOTCNFS PDEQCBKPTJMOVKPFHVEQABOFPZHUDKSRDEGVEMDXNOKEXSGJEFZOZTBQMVZWFZHLISLHURFRPZBKWAJ FHXJQHDJQQLNECQKRQHK,PROGRESSIVE_KEY
15-13.5211-2525-54.5451.5453.52.54.11.43453545-33-21.52.42 4255.25-23.15.13.556121.44-32-61.44.41-2243.43-1131.25.12-21-3342-233125-15-51.52-1552.5355-511143.2331-613525.2545-11-4213-513445.153134-2542.31.4451-33.51.21-15-12-32.2341-4341-5221-24.3115.4525,POLLUX
AHGASANFCXEEWWIZ EBHMXBPSELPAZSMPTSBNKVYR PQSYW Y IGCJTCCGGAVZPSMHYBXGMOKFCOKXWZZUAFODEGIDTBHEKCNKWEAQWQGOIM PDYKQVJUBIHZQ GVLOWJUEVYPFUWQODXPUKQSTX,PROGRESSIVE_KEY
1454-43-42.6113-23.33-23.3241.25-22.12.32.3111-4355-61.21.35-45.2261.54-41-44.61.12-35.1215.34-3123-432541-1443-5142 45.53.554224-14-21. 6155-22-11-51.51.55.2111-5332552114-22.44.34-42-44.4534-3431-53-43.11-51-5523.4215-53-6151-55.23.1245-52-6112.24-44.5453-,POLLUX
PLDIIJFCVXHRWGDDZLLWQKOSLKBGGGBDGBMDRVLJCJECJGMSKEPUJWCPN QBINLPQIGJHVEGCLNRGWZXEVSSGW O TMCQSLKFXQYMY KD GHPC EDT,PROGRESSIVE_KEY
11-54-43-24-25.12-51-11453234.341252.32251535-114211.25.2431.613431-6161.421445.1115-41.414521-453354.44-55.5313-25.31.35.23-45-51.4421-32.33453321-5354-13-21-5223-532353. 43-24.35.24.52-11-4524.413244.4334-42-14.33.5335-,POLLUX
DDCXDECIK UOSCYKLZFPWRXFOQXNMQKTRUQYLVDCQWTAOCEMRED QSDWOUYVXZAW  BHRU  FYNZTP FRPASIAMPMWDWOMZEBNCC DFSWGUGXPVYWNRVUULCOLRZURFLYWSMSZHTEFBIZSM,PROGRESSIVE_KEY
31-15 32-31.15.14-53-13-2512.552423-55.61-2322-2231.55-32.22.54.235144.53.55-3341-3254.51-6142.61-23.53-52.31-24-51.44.32.43-54.2322-35.31.54-5541.244213.45-52.414215- 24-14.1332-13.42.42.124444-3324-14.41-14.31445144-12-34-3555.43-5433.12.22-23-6161.4421-34-25-51-42-,POLLUX
IIYRHVMPKGDHCAHJNSDSBDHN  HGYFQYRYXDOBZFJKKMCXNXZVEUVJBMODLSBKUPKTAXIKBMHMVXUOGLPOJZRKTDSEWXRXMPYLNP HISIDNGQE,PROGRESSIVE_KEY
122561.43-22.535412-25-44-44.23.45-52-41.345213.3461.513225.14-45-5454-3144-11-42-4322.13. 14-35111454.4213. 34.15-22.22-25223423-53-3552-21.4145-11-55-31-5115-4232-44.21.54-55-24.312134415255-22-42-33-33-31.2231-23-53.5125-24-52-24-1145-2312.33-31-54-51-25-,POLLUX
KEAFYVVREASUSKQJJUXVLRBOMFDFRFERMJKLHCOVQPMBQMUAKKEUJ OXULIPMQYDMHSIIUBSTRHMCIOSPTFPFUFLVHFJWCZIHYBZKQIUSJPPGYBQJUKKFWNPYJ,PROGRESSIVE_KEY
32.51.24.32-45-14- 22.22.44.11.13.311152-1522.61.54.15.15-44.2251.32.41-1531 34.44.2511.61-61.35.43-35- 34-5554-55.42.31-34.5544.15.61-3454-45-12.2324-35-13-51-55.12-1441-521534.31.2321.44-32-41533151-15-6114.33.43.43.35.51-6141.54-21-55.43-22 5512-2432.1423-25-1522,POLLUX
RMENTIUMRXMRAKXTFRIFJCS BWIYOHLBDBDNVIMYFFIMFYFPBB WXBZITHAJRTGU FJSXNFDEKZGQFEWQBJUULYMNIYSNIMRYWKZHZYXOOZJVL,PROGRESSIVE_KEY
3414-44-2324.12-3333.4513.3235-12-13-24.5452-151552-12.3331-32.15-34-14.24.21.44.155333.5435-21-12-45.34.25- 43.51-21-21.2334.45.14.44-4134-21-42.531113.5312.43-43- 455454.14.41- 6151-35-33.33-23-35-211445- 3345-43-42-53.553324-14-,POLLUX
J BTDYSXJITRWTJHA AEJFRZBLVTQD K MPI PQHMQXBNIFGPXCREEPJNBEF QOHKILQJDUCGHP MR BIAMYJWRFFBUADLJEMKECSTMQSJRBCP,PROGRESSIVE_KEY
45-5251.32-445421.3112.13.51.1245.34123555.54-5342-43.43. 61-53.23-25.41-14.5322.34.31.21-35-34. 1421-55-23.52-14-43-34.32-14-23.1235.34555543.34.1141-52442555.33.45-551551-43.12.61.43-43-43-51.15.53.25-43-442522-3121-35.41-13. 2411.451545-2542-31.5545.53-,POLLUX
UHZIPZFKDBPAQIRRFNYDIEZJM DMJAQIECIQNDPJKMUKFDOTLABZBPZAGTESSWYTNBCYYJBASAAC VLGYULNZIFSBEFSIQDTOOK Q BQUZXHQJAZBTFC,PROGRESSIVE_KEY
536132 15-11.21.51.44-54-3141.3411-25-24.32- 42.31.42.13.25.33-53 44-12.611122.5513-11-24.33.2515.5353.42.342422.51.15-55-43.13-54 53542344-3524.25-42.242134-31-61 5151. 52  3261.33.21-35-4121.61.53.2314.23.21.43-45.21.23.1353-52-,POLLUX
VEOSCHVCPVVJCPEPYIAPBWQAIZMJNLNUWARDHYUKWXAGBKHWJXWDKSCFYOLRMAPXKBYUWZPA CYFPHSWIJJFDDRGAUORGGFUGATD,PROGRESSIVE_KEY
22.23-45. 34-33.43.2425.31-3543.1111.15-13.45- 3443.4212-45. 135232.11.32-34.424232-12231161.3313.3244.3351-533432.54-61-1335. 316114-1225.35.3224-253555-31.33-55.3241.23.25-53-4315. 21.1343-21.3251.421553-14,POLLUX
GHWOBTZXCLDNPOZI GELRNAYDIRLQGWUIHTISEGZVMBLUTGNMM YBBYCKPFBSDSNGMVDLJIFVLOENBCNHEVKCGPQCBQGETPUSREPWWTS  KQ,PROGRESSIVE_KEY
22-23.34-34.11-545511.51-5233.53.55-45-23.32- 43.4525-42-61-34-14.55-53.133443-35.12-431461-22.3123-12-1444.4241-43.51.61-13-55-4451-55-33.13-333234.55.12-11.12.44.2335-22-61.55.2521-22-135151-31.54-14-13-25-61-25-3334.42-54-1315.41.5311- 23.5524-25-11-44-1254-44-24.,POLLUX
JNFMMQ BGWWXCEROPTDRIEIUJZFYFDNWQSRJVKKRFZELKUQCHLYEEIZILUAFXOTRRXGLUOIIXBVRXVVRZLYTFOYFSTAABTYYWR BJIET,PROGRESSIVE_KEY
51-3154-54.43.4115 51.11- 43.13-15.54-32.61.35.14-55-55.53.23-25.122455.61.13424514-31.5241-1514-55-61-52.55.4424-12.5261.32-25.33.21-4444.32-5343-33.5353.423533.33.2561.244335.21-35.51.41-24.24.2123.3414.11-55243335.451512-35-51-11.11442453531521.33.131441.,POLLUX
ASTKS LRZFUTNPSGTLYAOESEOVOONOSSYPAIRARZJZPEFQROPPUGAXEUUSFJGMUR T BYSIQWDDOHOYIAKQEAHPZWDSAAFTALPYD,PROGRESSIVE_KEY
32-51.23.53.12-12-11.1424.53.35.51-61.14-25.34-34.34-243133.14-22.5261.514521-23-2312-31 14-53-3511214244.45-41.25.523241.11-22.11-541222-42.1352-53-45.5123-12.34.1323.34-23.4121344114.35.52-61.2413-11-5224.1135-123533.45-13.4521.15,POLLUX
RCVVOERDEXZVKQYKCHMJQMAKYDWRY EOQTACZKCQGXWJMWARR ZCMXYUXECPNYKGHGNZAIQULZBHISJWMG HKZIVJJKSJCW HRDVNSWIHW ZBOKRQZWEIOQYBGWOSKLE,PROGRESSIVE_KEY
34.31.11.2322.524523-41.555444.1311-5113.41.55- 355441-61.2232-4424.4255-41.11-22.25-33-445243.13-25-54.11.41-52.1224.552555-5134-12.54.4541.34-55-3453 53.41-34-2352-24-11-61.15.3555.14-52.2452.44.24.54- 35.51.13-33.54.4213-5545.55-,POLLUX
LBPTCOSSGIGCVEX D IHEJEWBYZQYIIPVTEQASPZCZQFS LPZK GLDDSQAFGARRBIBVVASNALYABSFRRRFGRNOTSCOHUMQXMKPPEJMPVMSPHRKUEX,PROGRESSIVE_KEY
34-43.44.12-52-254161.31 61-2431.4412-34-2334-22.413141.55.42-41.1233.24-4522-24-53.1242.24- 25-54.54214445.55-14-4152.24.25-53-1525-13.24.55.2451315252-12.33413522.24111332.33434435.52-31.31.32.14.114233.,POLLUX
QUOXNLPVWTEGWQQFETJIHPARDCKOOTTIEIBQGLDEAJHSPJGBRXPFEMG ZB YJQGELBLZOYKVNDZJKDOITNC OLWRVLQUHMAOUAFDNTDN,PROGRESSIVE_KEY
3425-31.42-51.1432.14-22-23.15.22-32-55.32-23-35-13-14.523331.53.21.32-22.3351.15.243315.31.2435-54.2134-33533452.12.24.23.51-21.12.24-15.53 23-52.11.25-5515.1314. 23.24.13.332123.25-13-21-4251-44-2413-24.13.144244. 34.12-41.24-4322-2424.,POLLUX
BQSETQKIUBHWHXGZVVDQAFCLSVVIJBPVDXUPIBLPNXWACSBFLYTXFMURXBJGUCSVUTVNJNBALJVPVUBRIBAOBDPAZUWINJUUBTYJHL GVMPTLROVBRDKRZOY,PROGRESSIVE_KEY
